N,P,K,pH,recommended_N_kg_per_acre,recommended_P2O5_kg_per_acre,recommended_K2O_kg_per_acre,urea,ssp,mop
95.0,7.0,103.0,8.02,51.24,28.56,24.59,111.4,178.53,40.99
58.0,5.0,320.0,8.15,57.57,29.06,15.0,125.15,181.64,25.0
64.0,9.0,191.0,8.04,57.8,27.45,19.76,125.65,171.57,32.93
98.0,10.0,138.0,6.45,51.15,27.63,22.85,111.2,172.69,38.08
92.0,7.0,110.0,8.04,50.04,28.6,23.7,108.78,178.76,39.5
109.0,13.0,181.0,7.27,47.16,26.1,20.7,102.52,163.15,34.5
103.0,21.0,197.0,6.72,49.5,22.7,19.13,107.61,141.89,31.89
60.0,10.0,118.0,7.79,57.75,27.03,23.36,125.54,168.91,38.94
55.0,8.0,198.0,7.75,58.99,28.6,19.71,128.23,178.77,32.86
84.0,6.0,146.0,5.51,52.52,29.28,22.55,114.17,182.98,37.59
87.0,17.0,136.0,6.28,53.3,23.36,22.21,115.88,145.99,37.01
103.0,25.0,194.0,7.32,50.02,21.37,20.25,108.74,133.53,33.75
99.0,17.0,185.0,7.39,50.25,23.8,20.23,109.25,148.75,33.72
66.0,15.0,195.0,7.8,57.7,24.01,19.29,125.44,150.04,32.16
104.0,19.0,161.0,,49.57,22.57,22.14,107.77,141.08,36.89
113.0,27.0,169.0,6.71,46.71,18.99,20.94,101.55,118.67,34.9
88.0,25.0,150.0,7.63,52.7,20.53,21.99,114.55,128.32,36.64
118.0,23.0,159.0,7.5,45.63,21.24,21.13,99.2,132.72,35.22
51.0,11.0,184.0,7.99,60.5,26.6,20.25,131.53,166.24,33.75
113.0,17.0,174.0,7.04,47.36,24.47,20.8,102.96,152.95,34.66
85.0,21.0,139.0,7.54,52.85,22.5,22.67,114.9,140.65,37.78
108.0,23.0,170.0,6.65,47.86,21.59,20.41,104.03,134.94,34.01
71.0,13.0,155.0,7.95,56.78,26.15,21.76,123.43,163.41,36.27
68.0,8.0,119.0,5.57,56.28,28.52,23.83,122.34,178.25,39.71
63.0,8.0,184.0,8.79,57.06,26.89,19.29,124.04,168.03,32.16
98.0,21.0,179.0,7.38,50.12,22.08,19.52,108.95,138.01,32.54
125.0,21.0,164.0,7.42,45.43,20.99,21.44,98.75,131.2,35.74
104.0,21.0,114.0,7.55,49.49,22.32,22.86,107.59,139.51,38.1
83.0,14.0,113.0,7.4,53.73,25.45,24.32,116.8,159.05,40.54
71.0,10.0,149.0,7.74,56.14,27.88,21.82,122.05,174.23,36.37
74.0,9.0,18.0,8.01,56.91,28.41,30.57,123.72,177.58,50.96
85.0,15.0,110.0,7.41,52.67,25.12,24.15,114.51,157.01,40.26
95.0,7.0,194.0,1.55,50.59,28.3,19.69,109.98,176.87,32.82
79.0,15.0,121.0,7.69,53.55,25.29,23.54,116.41,158.07,39.24
96.0,25.0,113.0,7.17,51.29,20.18,24.28,111.51,126.15,40.46
85.0,8.0,175.0,4.77,53.9,28.15,20.87,117.18,175.93,34.78
71.0,10.0,117.0,7.67,55.71,27.84,23.75,121.11,174.01,39.58
104.0,19.0,161.0,,48.53,22.87,21.84,105.5,142.91,36.4
94.0,10.0,19.0,7.83,50.54,27.73,29.36,109.87,173.33,48.94
109.0,13.0,181.0,7.27,48.72,26.31,20.29,105.91,164.42,33.81
103.0,22.0,164.0,7.8,49.99,21.28,21.62,108.68,132.98,36.04
65.0,7.0,175.0,7.85,57.43,29.18,20.83,124.86,182.4,34.72
79.0,10.0,183.0,7.85,53.67,27.67,20.98,116.67,172.93,34.96
86.0,10.0,140.0,5.61,52.99,27.31,22.22,115.19,170.69,37.03
76.0,9.0,151.0,5.83,54.89,27.24,21.25,119.33,170.27,35.42
69.0,8.0,193.0,5.4,56.37,27.63,18.92,122.55,172.72,31.54
98.0,15.0,195.0,7.69,51.1,24.68,19.63,111.08,154.23,32.72
69.0,13.0,18.0,7.68,56.38,26.23,30.17,122.56,163.91,50.28
103.0,7.0,180.0,6.25,49.94,28.03,20.25,108.57,175.17,33.75
91.0,9.0,191.0,7.65,51.85,27.96,18.98,112.73,174.77,31.63
111.0,14.0,65.0,6.66,48.03,24.7,27.48,104.42,154.41,45.81
97.0,21.0,127.0,7.37,51.11,22.18,22.77,111.1,138.61,37.95
123.0,24.0,188.0,6.59,44.23,21.02,20.3,96.16,131.35,33.83
64.0,13.0,18.0,8.01,56.94,27.37,31.35,123.79,171.04,52.25
69.0,13.0,164.0,7.72,55.82,25.07,21.34,121.36,156.71,35.57
113.0,23.0,149.0,7.04,46.89,22.28,22.35,101.93,139.27,37.25
121.0,23.0,199.0,7.3,45.58,21.49,18.81,99.09,134.31,31.36
84.0,14.0,110.0,7.41,54.4,25.7,23.49,118.25,160.6,39.16
79.0,10.0,183.0,7.85,53.51,27.32,19.72,116.32,170.76,32.86
125.0,28.0,125.0,6.77,45.77,19.42,22.95,99.51,121.36,38.26
54.0,9.0,184.0,8.27,57.85,27.61,19.24,125.77,172.55,32.06
109.0,6.0,113.0,5.67,47.93,29.92,25.08,104.2,187.02,41.8
84.0,17.0,135.0,6.72,53.33,23.83,23.04,115.94,148.91,38.39
103.0,14.0,114.0,7.39,49.87,26.13,24.35,108.41,163.31,40.58
103.0,24.0,139.0,7.38,49.97,20.56,22.51,108.63,128.52,37.51
90.0,9.0,19.0,8.26,52.63,27.66,29.77,114.42,172.9,49.62
56.0,10.0,169.0,7.81,58.52,26.61,21.34,127.22,166.29,35.57
113.0,22.0,200.0,6.61,47.03,22.12,18.98,102.24,138.27,31.64
64.0,9.0,139.0,8.04,57.89,28.57,22.93,125.84,178.54,38.21
64.0,9.0,191.0,8.04,57.05,27.65,19.44,124.02,172.83,32.4
96.0,11.0,118.0,7.41,49.78,26.68,23.75,108.22,166.76,39.58
53.0,9.0,118.0,8.09,58.49,27.03,23.22,127.16,168.95,38.69
74.0,9.0,149.0,8.13,54.46,27.56,21.07,118.4,172.27,35.12
69.0,10.0,194.0,7.66,56.6,26.29,19.23,123.04,164.34,32.05
109.0,11.0,159.0,6.14,48.31,26.25,21.49,105.03,164.08,35.81
85.0,10.0,171.0,5.14,53.55,27.39,20.1,116.42,171.16,33.49
51.0,10.0,199.0,7.83,59.46,28.04,19.04,129.26,175.26,31.74
54.0,7.0,113.0,8.87,59.33,30.29,24.25,128.97,189.28,40.41
69.0,8.0,191.0,5.12,56.7,27.8,18.46,123.26,173.74,30.77
121.0,35.0,110.0,7.58,45.55,16.86,23.94,99.03,105.38,39.9
98.0,23.0,160.0,7.75,50.77,21.55,21.6,110.36,134.66,36.01
110.0,9.0,118.0,8.3,47.47,27.61,24.11,103.2,172.56,40.19
51.0,9.0,169.0,8.3,59.51,27.96,20.28,129.37,174.75,33.81
108.0,7.0,195.0,5.65,48.09,28.64,19.38,104.55,178.98,32.3
61.0,9.0,113.0,8.18,56.84,27.77,24.73,123.57,173.54,41.22
88.0,25.0,150.0,7.63,52.79,20.26,22.39,114.76,126.59,37.31
65.0,15.0,185.0,8.06,56.62,24.16,19.85,123.1,151.01,33.09
124.0,24.0,17.0,6.28,45.21,20.02,29.75,98.28,125.15,49.58
99.0,10.0,136.0,5.82,50.58,27.64,22.53,109.97,172.76,37.54
109.0,18.0,103.0,7.63,48.56,23.48,25.05,105.56,146.77,41.76
91.0,15.0,19.0,7.65,52.33,24.64,29.96,113.77,154.01,49.93
99.0,15.0,190.0,7.38,50.12,25.01,19.91,108.96,156.28,33.19
110.0,11.0,102.0,6.63,47.66,27.28,24.95,103.61,170.48,41.58
85.0,13.0,149.0,6.7,52.94,26.01,22.47,115.08,162.55,37.45
110.0,64.0,198.0,47.49,46.65,15.0,19.17,101.41,93.75,31.95
54.0,9.0,114.0,8.1,58.04,28.44,24.55,126.18,177.72,40.92
73.0,11.0,154.0,7.96,54.34,27.75,22.2,118.13,173.42,36.99
98.0,23.0,160.0,7.75,49.6,21.7,21.0,107.83,135.6,35.0
113.0,13.0,193.0,7.01,47.72,26.48,18.52,103.74,165.53,30.86
115.0,19.0,192.0,6.67,46.28,23.95,20.25,100.6,149.66,33.75
129.0,23.0,200.0,7.36,43.9,22.08,19.13,95.43,137.99,31.88
94.0,23.0,174.0,7.3,52.24,21.77,19.7,113.56,136.05,32.84
104.0,23.0,176.0,7.07,48.91,21.76,20.08,106.34,135.99,33.47
90.0,27.0,110.0,6.36,52.59,19.91,24.79,114.33,124.45,41.31
54.0,13.0,141.0,7.62,58.45,25.24,22.4,127.07,157.76,37.33
82.0,24.0,116.0,7.39,53.44,21.37,23.78,116.16,133.57,39.64
84.0,9.0,169.0,5.4,52.44,26.89,21.56,114.0,168.04,35.93
104.0,25.0,133.0,7.32,48.93,20.02,22.5,106.37,125.15,37.49
53.0,9.0,118.0,8.09,60.07,28.48,23.52,130.59,178.01,39.2
54.0,10.0,159.0,8.16,57.82,27.75,21.57,125.69,173.46,35.94
64.0,13.0,171.0,7.66,57.55,26.79,20.94,125.1,167.45,34.89
90.0,27.0,110.0,6.36,52.19,19.44,24.65,113.46,121.48,41.08
69.0,19.0,154.0,5.06,55.72,22.51,22.22,121.14,140.68,37.03
99.0,12.0,175.0,7.46,49.04,26.21,20.6,106.62,163.79,34.33
95.0,15.0,191.0,7.44,51.06,25.06,19.78,111.0,156.63,32.97
51.0,9.0,169.0,8.3,59.38,27.75,20.73,129.08,173.42,34.55
66.0,10.0,127.0,7.87,56.99,27.93,23.41,123.88,174.56,39.02
79.0,15.0,117.0,7.89,54.22,24.78,24.03,117.86,154.9,40.06
97.0,15.0,113.0,7.72,51.88,25.21,24.33,112.79,157.57,40.55
69.0,11.0,145.0,8.9,56.01,26.21,22.69,121.76,163.79,37.81
95.0,21.0,117.0,7.5,50.18,22.57,24.26,109.09,141.06,40.43
98.0,18.0,171.0,7.18,50.54,23.65,20.76,109.88,147.82,34.6
94.0,10.0,19.0,7.83,51.38,26.8,29.46,111.69,167.5,49.09
54.0,13.0,141.0,7.62,60.29,25.76,22.57,131.06,160.99,37.62
73.0,11.0,154.0,7.96,56.07,26.69,21.75,121.89,166.81,36.24
126.0,57.0,195.0,8.13,45.09,15.0,19.4,98.01,93.75,32.33
113.0,17.0,113.0,6.73,48.57,25.16,25.32,105.59,157.27,42.21
74.0,9.0,187.0,8.07,54.25,27.64,19.52,117.93,172.76,32.53
121.0,25.0,120.0,7.5,45.29,20.35,24.01,98.45,127.21,40.02
79.0,10.0,104.0,8.08,53.46,25.99,25.29,116.21,162.45,42.16
99.0,9.0,157.0,5.93,49.89,27.16,21.63,108.45,169.77,36.05
69.0,10.0,164.0,7.88,55.1,27.09,22.33,119.78,169.33,37.21
120.0,15.0,117.0,7.19,46.51,24.59,23.79,101.1,153.68,39.65
82.0,24.0,116.0,7.39,53.42,21.78,24.2,116.14,136.12,40.34
113.0,13.0,193.0,7.01,46.22,25.8,19.02,100.49,161.26,31.7
90.0,9.0,19.0,8.26,51.19,28.47,29.68,111.28,177.96,49.47
103.0,7.0,180.0,6.25,49.65,28.64,20.32,107.94,178.98,33.87
84.0,6.0,146.0,5.51,53.87,29.07,22.66,117.11,181.7,37.77
111.0,21.0,121.0,7.98,49.4,22.25,23.9,107.39,139.04,39.83
79.0,7.0,194.0,5.18,56.53,28.6,19.99,122.89,178.76,33.32
103.0,20.0,17.0,7.73,49.73,23.78,29.93,108.11,148.63,49.89
73.0,11.0,154.0,7.96,54.61,25.41,21.59,118.71,158.8,35.99
95.0,7.0,194.0,1.55,49.29,27.4,20.71,107.16,171.24,34.52
113.0,13.0,169.0,6.44,47.61,25.57,21.06,103.51,159.84,35.1
63.0,10.0,180.0,8.07,56.75,27.26,19.84,123.37,170.37,33.07
105.0,17.0,188.0,7.77,48.67,24.51,19.37,105.8,153.21,32.29
60.0,14.0,155.0,7.65,57.51,25.73,21.23,125.02,160.84,35.38
103.0,20.0,153.0,6.93,49.29,22.52,22.29,107.15,140.75,37.15
69.0,15.0,163.0,7.92,57.05,25.61,21.04,124.03,160.07,35.06
96.0,11.0,118.0,7.41,50.93,27.42,23.98,110.71,171.36,39.97
85.0,9.0,194.0,7.51,52.87,27.81,19.33,114.94,173.82,32.21
115.0,20.0,113.0,7.29,46.17,23.33,24.59,100.37,145.8,40.98
113.0,13.0,169.0,6.44,46.06,26.06,20.44,100.13,162.9,34.06
75.0,9.0,108.0,7.78,54.61,27.36,23.98,118.72,171.02,39.97
94.0,9.0,180.0,6.46,51.16,28.12,20.31,111.21,175.74,33.85
124.0,24.0,17.0,6.28,46.61,21.02,30.28,101.34,131.35,50.47
113.0,21.0,155.0,7.01,47.5,22.3,21.87,103.27,139.38,36.44
99.0,15.0,125.0,7.34,50.99,25.88,23.1,110.84,161.77,38.49
83.0,17.0,110.0,7.5,53.0,22.63,24.74,115.22,141.43,41.23
63.0,10.0,58.0,7.91,56.45,26.4,27.15,122.72,165.0,45.25
95.0,21.0,117.0,7.5,50.23,21.59,23.72,109.19,134.92,39.53
69.0,12.0,162.0,7.59,55.62,26.13,20.81,120.91,163.33,34.68
71.0,10.0,117.0,7.81,57.5,27.1,24.63,125.01,169.36,41.05
113.0,17.0,174.0,7.04,46.74,23.2,20.88,101.61,144.97,34.79
111.0,13.0,175.0,7.63,48.47,25.31,20.8,105.37,158.18,34.67
99.0,15.0,125.0,7.34,49.48,24.48,24.12,107.56,153.02,40.21
121.0,23.0,199.0,7.3,46.55,22.87,20.47,101.19,142.97,34.11
99.0,15.0,125.0,7.34,50.51,26.08,22.65,109.8,163.01,37.74
125.0,28.0,125.0,6.77,44.87,18.9,23.13,97.55,118.14,38.55
84.0,10.0,195.0,7.77,53.17,27.03,18.99,115.58,168.95,31.65
109.0,6.0,113.0,5.67,47.68,28.36,23.79,103.64,177.25,39.66
113.0,13.0,169.0,6.44,47.76,24.76,20.32,103.82,154.72,33.87
63.0,10.0,180.0,8.07,57.04,27.18,20.05,123.99,169.87,33.42
98.0,64.0,178.0,6.63,49.42,15.0,19.71,107.43,93.75,32.85
99.0,17.0,179.0,6.88,49.18,24.05,20.43,106.91,150.31,34.05
85.0,10.0,171.0,5.14,53.14,26.29,20.77,115.52,164.31,34.61
103.0,22.0,176.0,7.62,50.66,21.39,20.68,110.14,133.71,34.47
123.0,10.0,125.0,7.42,45.53,27.34,23.75,98.97,170.87,39.59
65.0,14.0,81.0,7.87,56.91,25.67,26.44,123.71,160.44,44.07
76.0,11.0,113.0,7.72,55.03,27.05,24.03,119.63,169.07,40.06
113.0,19.0,118.0,7.49,48.44,22.41,24.98,105.31,140.05,41.63
51.0,9.0,155.0,8.01,59.98,28.21,21.82,130.38,176.33,36.36
69.0,9.0,103.0,5.76,55.87,27.22,23.89,121.46,170.12,39.81
120.0,21.0,190.0,6.88,46.89,22.68,19.1,101.92,141.75,31.83
60.0,10.0,171.0,7.99,58.34,27.24,19.87,126.83,170.27,33.12
100.0,18.0,198.0,6.27,51.23,22.82,19.13,111.37,142.65,31.88
74.0,9.0,18.0,8.01,55.35,27.51,29.86,120.32,171.94,49.77
99.0,25.0,184.0,6.63,49.22,20.72,19.73,107.0,129.5,32.88
129.0,23.0,200.0,7.36,43.11,21.77,20.01,93.71,136.05,33.34
103.0,17.0,103.0,7.34,50.72,24.02,25.09,110.26,150.1,41.82
121.0,25.0,81.0,7.18,47.18,21.42,26.5,102.56,133.87,44.17
110.0,17.0,103.0,6.91,47.86,24.7,24.35,104.04,154.4,40.59
70.0,9.0,126.0,5.31,55.69,27.55,22.94,121.07,172.16,38.23
74.0,10.0,180.0,7.29,56.37,27.7,20.22,122.54,173.13,33.7
98.0,64.0,178.0,6.63,49.51,15.0,20.41,107.64,93.75,34.01
98.0,15.0,195.0,7.69,49.68,26.18,18.37,108.01,163.6,30.62
74.0,9.0,18.0,8.01,55.71,26.96,29.83,121.12,168.52,49.72
69.0,15.0,160.0,7.73,55.88,24.44,21.41,121.49,152.78,35.68
65.0,10.0,175.0,5.89,57.0,28.14,20.39,123.9,175.88,33.99
94.0,13.0,110.0,7.4,51.07,25.27,23.99,111.02,157.91,39.99
125.0,9.0,117.0,6.08,45.27,26.91,23.71,98.41,168.17,39.52
109.0,11.0,159.0,6.14,49.33,26.51,21.37,107.23,165.68,35.62
103.0,20.0,17.0,7.73,49.47,23.0,30.03,107.55,143.76,50.04
121.0,35.0,194.0,7.58,46.32,15.94,19.66,100.69,99.62,32.77
54.0,7.0,159.0,8.62,57.56,28.21,22.0,125.13,176.31,36.67
66.0,7.0,149.0,7.19,56.76,28.2,21.91,123.39,176.22,36.52
79.0,7.0,47.0,6.86,53.53,28.17,27.95,116.36,176.08,46.59
99.0,25.0,184.0,6.63,49.22,19.97,20.18,107.01,124.83,33.63
98.0,15.0,195.0,7.69,49.7,26.37,19.61,108.04,164.81,32.68
115.0,9.0,143.0,6.38,46.73,27.88,22.2,101.59,174.24,37.0
125.0,28.0,125.0,6.77,45.73,19.68,23.9,99.42,123.01,39.83
54.0,7.0,103.0,7.62,58.14,28.31,25.31,126.39,176.92,42.18
121.0,19.0,169.0,7.42,45.82,23.09,21.51,99.62,144.3,35.84
98.0,9.0,195.0,5.68,50.01,27.27,20.19,108.72,170.45,33.65
94.0,9.0,122.0,7.66,50.94,26.11,23.25,110.73,163.18,38.74
79.0,10.0,104.0,8.08,55.0,26.42,24.77,119.57,165.14,41.28
74.0,10.0,179.0,8.14,55.63,26.16,20.27,120.94,163.52,33.78
113.0,21.0,155.0,7.01,48.47,20.95,21.65,105.37,130.94,36.08
84.0,9.0,169.0,5.4,53.08,26.98,20.54,115.38,168.64,34.23
118.0,19.0,199.0,6.7,45.84,23.99,18.32,99.66,149.97,30.53
104.0,19.0,161.0,,49.02,23.17,21.39,106.57,144.83,35.64
79.0,7.0,195.0,6.9,54.39,29.37,18.92,118.25,183.59,31.53
99.0,10.0,295.0,7.64,50.34,27.5,15.0,109.44,171.85,25.0
103.0,21.0,198.0,7.03,48.53,22.77,18.72,105.51,142.31,31.2
64.0,15.0,179.0,7.86,57.27,24.46,19.71,124.51,152.87,32.85
124.0,28.0,165.0,6.77,45.38,19.46,21.22,98.66,121.65,35.36
75.0,7.0,103.0,6.78,57.01,29.04,24.9,123.94,181.48,41.49
95.0,10.0,190.0,6.34,52.5,26.9,19.89,114.13,168.15,33.15
121.0,19.0,169.0,7.42,45.12,23.54,21.95,98.08,147.1,36.59
75.0,9.0,185.0,7.99,54.77,28.04,20.04,119.07,175.25,33.4
71.0,9.0,172.0,8.24,54.63,27.37,20.92,118.76,171.06,34.87
71.0,10.0,117.0,7.81,55.33,26.58,23.44,120.28,166.1,39.07
103.0,20.0,17.0,7.73,49.65,22.04,29.34,107.94,137.75,48.89
84.0,9.0,169.0,5.4,54.16,27.75,21.65,117.75,173.45,36.09
59.0,8.0,91.0,7.99,57.62,28.35,25.08,125.25,177.16,41.8
109.0,11.0,159.0,6.14,47.68,26.32,20.94,103.64,164.53,34.9
76.0,10.0,171.0,7.67,53.08,27.27,20.72,115.4,170.41,34.53
71.0,13.0,155.0,7.95,55.67,26.24,21.65,121.02,164.01,36.09
69.0,19.0,154.0,5.06,55.35,23.57,21.31,120.33,147.32,35.51
108.0,23.0,170.0,6.65,47.98,22.33,20.65,104.3,139.57,34.41
71.0,14.0,19.0,7.52,55.1,26.22,30.47,119.78,163.85,50.79
99.0,15.0,190.0,7.38,50.12,24.4,19.2,108.97,152.5,32.0
115.0,19.0,192.0,6.67,45.59,24.21,18.78,99.12,151.31,31.31
60.0,10.0,154.0,8.05,56.83,26.93,22.23,123.54,168.32,37.05
69.0,9.0,103.0,5.76,57.9,28.33,25.07,125.88,177.04,41.78
94.0,23.0,174.0,7.3,50.17,21.44,20.25,109.07,134.0,33.75
68.0,8.0,119.0,5.57,55.52,27.9,23.07,120.7,174.39,38.45
54.0,7.0,125.0,8.02,60.67,27.52,23.13,131.89,171.97,38.55
54.0,13.0,170.0,7.93,61.52,25.8,20.77,133.75,161.23,34.62
98.0,21.0,179.0,7.38,49.46,21.36,20.84,107.53,133.53,34.74
113.0,17.0,191.0,6.36,47.11,24.68,19.02,102.4,154.25,31.7
101.0,36.0,165.0,7.5,50.07,16.46,21.06,108.85,102.88,35.1
113.0,10.0,166.0,6.35,48.78,26.77,21.38,106.05,167.32,35.63
79.0,15.0,121.0,7.69,53.41,25.18,22.55,116.11,157.38,37.58
98.0,10.0,68.0,7.01,50.2,26.81,27.44,109.14,167.59,45.73
60.0,14.0,155.0,7.65,58.62,25.07,21.11,127.44,156.71,35.18
98.0,14.0,113.0,7.8,50.75,25.91,24.39,110.32,161.97,40.64
94.0,8.0,169.0,8.14,50.9,28.13,20.98,110.65,175.79,34.97
108.0,23.0,170.0,6.65,48.29,22.44,21.34,104.98,140.27,35.57
91.0,13.0,179.0,6.29,50.7,25.61,20.54,110.22,160.07,34.23
103.0,20.0,110.0,6.0,49.21,23.35,23.21,106.98,145.94,38.69
98.0,9.0,195.0,5.68,50.19,27.76,18.91,109.1,173.49,31.51
103.0,5.0,19.0,5.62,49.59,29.98,29.93,107.8,187.36,49.88
104.0,25.0,133.0,7.32,48.76,20.23,22.92,105.99,126.45,38.2
85.0,21.0,139.0,7.54,53.38,22.27,22.9,116.04,139.19,38.16
54.0,13.0,124.0,7.8,60.01,25.83,23.95,130.46,161.44,39.92
126.0,43.0,115.0,5.42,44.92,15.0,24.4,97.66,93.75,40.67
113.0,13.0,183.0,6.52,47.68,26.3,19.91,103.66,164.36,33.19
95.0,17.0,181.0,7.54,51.04,24.49,19.22,110.96,153.06,32.03
84.0,10.0,195.0,7.77,53.2,27.61,19.07,115.65,172.54,31.79
96.0,23.0,150.0,7.63,50.22,22.32,22.21,109.18,139.51,37.01
103.0,14.0,114.0,7.39,49.65,26.32,23.61,107.94,164.5,39.36
69.0,14.0,154.0,7.84,56.12,25.23,22.08,122.0,157.66,36.79
99.0,17.0,185.0,7.39,51.87,24.32,20.35,112.77,152.02,33.92
95.0,6.0,19.0,4.78,52.26,28.68,29.92,113.61,179.22,49.87
84.0,9.0,169.0,5.4,53.51,27.71,19.33,116.32,173.21,32.21
94.0,9.0,122.0,7.66,50.59,27.34,23.04,109.98,170.88,38.4
60.0,10.0,171.0,7.99,57.11,28.22,21.68,124.15,176.39,36.14
74.0,10.0,180.0,7.29,56.15,27.47,19.93,122.07,171.68,33.21
83.0,17.0,110.0,7.5,53.61,23.97,23.41,116.54,149.81,39.01
75.0,15.0,169.0,7.54,55.38,25.72,21.48,120.4,160.73,35.8
91.0,19.0,169.0,6.53,50.4,21.9,20.87,109.57,136.86,34.78
84.0,9.0,169.0,5.4,53.94,26.49,21.41,117.27,165.57,35.69
60.0,9.0,165.0,8.12,58.36,28.18,21.24,126.88,176.11,35.4
71.0,63.0,165.0,7.66,54.91,15.0,21.33,119.37,93.75,35.55
125.0,21.0,164.0,7.42,44.62,22.45,21.34,97.01,140.31,35.57
71.0,13.0,155.0,7.95,56.01,25.1,22.05,121.76,156.9,36.75
95.0,9.0,194.0,5.51,51.04,27.69,20.5,110.96,173.04,34.16
69.0,22.0,160.0,6.99,55.97,23.05,21.89,121.67,144.08,36.48
108.0,23.0,184.0,6.8,48.32,21.89,19.17,105.04,136.84,31.95
110.0,12.0,183.0,7.55,47.8,26.45,20.24,103.91,165.32,33.74
109.0,6.0,113.0,5.67,48.32,28.79,24.79,105.05,179.92,41.32
65.0,13.0,133.0,7.79,58.18,25.66,23.62,126.47,160.4,39.37
69.0,22.0,160.0,6.99,54.15,20.57,21.19,117.71,128.58,35.31
66.0,74.0,138.0,7.62,56.61,15.0,23.3,123.07,93.75,38.84
95.0,17.0,171.0,6.7,51.14,24.61,21.2,111.18,153.8,35.34
54.0,9.0,114.0,8.1,59.44,26.75,25.45,129.21,167.22,42.41
113.0,17.0,174.0,7.04,47.1,23.7,20.18,102.4,148.14,33.64
95.0,10.0,190.0,6.34,49.59,26.56,19.35,107.81,165.97,32.24
99.0,12.0,175.0,7.46,50.46,25.77,20.35,109.7,161.07,33.91
103.0,17.0,103.0,7.05,50.78,24.13,24.57,110.4,150.83,40.96
94.0,25.0,174.0,7.53,49.97,19.25,20.11,108.64,120.31,33.52
69.0,17.0,194.0,7.95,56.89,24.47,17.98,123.68,152.93,29.96
103.0,14.0,114.0,7.39,49.14,25.9,23.94,106.82,161.89,39.9
83.0,21.0,122.0,7.72,53.35,22.15,23.86,115.98,138.43,39.77
74.0,9.0,110.0,8.4,54.36,26.21,24.15,118.17,163.82,40.26
121.0,25.0,120.0,7.5,45.53,19.9,24.77,98.98,124.39,41.28
111.0,21.0,121.0,7.98,48.84,23.04,23.75,106.17,144.0,39.58
74.0,9.0,187.0,8.07,55.67,26.03,20.43,121.01,162.71,34.04
53.0,6.0,191.0,8.18,60.79,28.84,19.67,132.14,180.26,32.78
118.0,22.0,181.0,7.48,47.34,21.14,20.55,102.92,132.14,34.26
126.0,43.0,115.0,5.42,45.15,15.0,24.24,98.15,93.75,40.4
84.0,23.0,194.0,7.78,54.6,20.99,20.04,118.69,131.22,33.41
108.0,20.0,111.0,7.13,48.75,22.99,24.37,105.98,143.7,40.61
119.0,17.0,184.0,6.72,46.86,24.44,20.21,101.87,152.75,33.68
91.0,9.0,191.0,7.65,51.56,28.8,19.72,112.09,180.01,32.87
74.0,10.0,181.0,6.76,55.25,27.13,20.0,120.12,169.55,33.33
103.0,11.0,150.0,6.85,48.84,27.03,22.2,106.18,168.91,37.0
97.0,15.0,113.0,7.72,51.39,24.11,25.34,111.72,150.68,42.23
95.0,7.0,194.0,1.55,50.06,29.31,19.22,108.82,183.21,32.04
79.0,6.0,181.0,,54.83,28.59,20.35,119.19,178.71,33.92
68.0,13.0,133.0,6.43,56.25,25.56,23.65,122.28,159.77,39.41
63.0,8.0,184.0,8.79,58.34,28.14,20.53,126.82,175.85,34.22
65.0,13.0,133.0,7.79,57.6,24.96,23.03,125.22,156.01,38.38
79.0,11.0,144.0,7.49,55.66,26.94,21.17,120.99,168.36,35.28
113.0,15.0,176.0,7.04,47.98,25.58,20.7,104.31,159.88,34.5
103.0,21.0,198.0,7.03,48.14,22.48,18.01,104.66,140.47,30.02
124.0,24.0,95.0,7.23,45.15,20.0,26.03,98.14,124.98,43.39
74.0,9.0,48.0,8.12,54.26,27.63,28.2,117.96,172.66,47.01
85.0,10.0,171.0,5.14,52.59,27.7,21.24,114.32,173.1,35.4
115.0,9.0,143.0,6.38,48.21,26.57,21.97,104.8,166.08,36.61
54.0,10.0,159.0,8.16,59.71,26.61,20.68,129.8,166.28,34.47
95.0,7.0,103.0,8.02,50.44,29.13,24.95,109.65,182.04,41.58
55.0,13.0,58.0,8.14,58.19,26.06,27.5,126.5,162.89,45.84
69.0,7.0,189.0,7.71,56.23,28.85,19.41,122.23,180.29,32.36
54.0,17.0,162.0,7.84,58.23,25.22,21.32,126.58,157.6,35.54
64.0,9.0,144.0,8.07,56.66,27.98,23.74,123.18,174.88,39.57
103.0,9.0,190.0,5.94,49.65,28.09,20.02,107.93,175.59,33.36
84.0,17.0,135.0,6.72,54.12,25.73,23.42,117.66,160.79,39.04
64.0,15.0,179.0,7.86,57.69,24.87,20.68,125.41,155.45,34.47
85.0,7.0,144.0,8.24,51.17,28.12,23.1,111.23,175.76,38.5
98.0,15.0,195.0,7.69,50.64,25.26,19.2,110.09,157.85,32.01
80.0,8.0,19.0,5.37,54.06,28.41,28.83,117.52,177.58,48.05
100.0,15.0,166.0,7.42,50.33,24.68,20.95,109.42,154.27,34.91
103.0,41.0,194.0,6.49,50.69,15.0,19.77,110.2,93.75,32.94
99.0,12.0,175.0,7.46,48.55,27.74,20.02,105.54,173.35,33.36
85.0,7.0,144.0,8.24,52.53,28.8,22.27,114.19,179.98,37.12
109.0,17.0,19.0,7.61,48.67,23.66,29.51,105.81,147.88,49.19
98.0,18.0,171.0,7.18,49.13,24.2,21.49,106.81,151.25,35.82
71.0,9.0,146.0,8.12,56.98,27.63,22.61,123.87,172.72,37.69
73.0,10.0,127.0,6.85,55.69,27.1,23.71,121.08,169.36,39.51
84.0,7.0,19.0,5.25,53.88,28.94,30.17,117.12,180.86,50.28
65.0,9.0,180.0,5.31,56.54,26.92,20.18,122.92,168.28,33.64
103.0,29.0,103.0,7.25,50.05,18.91,24.92,108.81,118.2,41.53
65.0,58.0,126.0,8.15,57.85,15.0,22.85,125.77,93.75,38.08
94.0,8.0,60.0,7.7,51.39,28.43,26.31,111.71,177.69,43.84
123.0,10.0,125.0,7.42,45.59,27.02,23.58,99.1,168.9,39.29
75.0,13.0,191.0,7.61,55.22,25.6,19.7,120.04,159.97,32.84
80.0,9.0,39.0,7.36,53.31,27.45,29.26,115.89,171.59,48.77
63.0,9.0,211.0,7.85,57.28,27.55,19.13,124.53,172.17,31.88
69.0,10.0,164.0,7.88,56.08,27.02,21.94,121.91,168.9,36.57
98.0,14.0,154.0,6.18,50.71,26.0,21.26,110.23,162.5,35.43
84.0,10.0,195.0,7.77,54.0,26.21,19.12,117.39,163.81,31.87
98.0,7.0,179.0,5.73,49.55,29.12,20.5,107.72,181.98,34.17
54.0,17.0,162.0,7.84,59.1,23.87,22.55,128.48,149.2,37.58
74.0,9.0,169.0,5.92,56.39,27.93,21.6,122.58,174.54,36.0
98.0,9.0,195.0,5.68,49.81,27.02,19.86,108.27,168.9,33.1
103.0,10.0,169.0,6.67,48.74,28.05,20.67,105.96,175.29,34.44
64.0,13.0,171.0,7.66,57.36,26.65,20.3,124.7,166.55,33.83
80.0,8.0,19.0,5.37,54.68,28.73,30.25,118.86,179.54,50.42
63.0,33.0,65.0,6.81,57.41,15.99,26.55,124.8,99.94,44.25
55.0,11.0,160.0,7.6,60.06,27.3,21.28,130.57,170.61,35.47
125.0,9.0,117.0,6.08,45.69,27.94,23.92,99.32,174.64,39.87
85.0,13.0,149.0,6.7,53.67,24.94,22.86,116.68,155.86,38.09
121.0,19.0,169.0,7.42,46.24,23.19,20.68,100.53,144.91,34.47
103.0,19.0,180.0,7.46,51.26,23.42,18.98,111.44,146.37,31.63
69.0,12.0,125.0,7.46,56.04,26.68,23.75,121.82,166.77,39.59
95.0,7.0,17.0,5.69,49.4,28.71,29.63,107.39,179.41,49.38
66.0,15.0,195.0,7.8,58.08,25.17,19.32,126.27,157.34,32.2
69.0,11.0,174.0,7.98,55.83,27.68,20.52,121.38,173.03,34.19
75.0,25.0,198.0,7.03,55.09,21.24,18.98,119.75,132.72,31.64
63.0,10.0,58.0,7.91,58.45,25.53,27.92,127.06,159.56,46.53
121.0,23.0,169.0,6.45,44.52,21.21,20.09,96.78,132.56,33.49
103.0,5.0,19.0,5.62,48.4,29.4,29.6,105.21,183.76,49.34
55.0,9.0,150.0,8.3,57.72,26.65,22.34,125.48,166.55,37.24
98.0,10.0,199.0,7.44,49.76,27.31,18.75,108.18,170.67,31.25
71.0,10.0,199.0,7.86,56.15,28.0,18.26,122.07,175.0,30.43
83.0,17.0,110.0,7.5,53.82,23.45,24.73,117.0,146.55,41.22
79.0,10.0,104.0,8.08,54.42,27.45,25.32,118.31,171.57,42.2
83.0,14.0,113.0,7.4,52.27,24.9,24.2,113.63,155.63,40.33
69.0,8.0,191.0,5.12,54.35,27.75,18.56,118.16,173.42,30.93
125.0,21.0,123.0,6.59,45.04,23.19,23.97,97.92,144.92,39.95
83.0,14.0,169.0,7.61,53.02,25.12,20.03,115.27,157.03,33.38
69.0,12.0,162.0,7.59,56.57,26.63,21.43,122.97,166.42,35.72
86.0,34.0,165.0,6.64,53.36,15.33,20.66,116.0,95.8,34.43
94.0,9.0,198.0,7.76,51.31,28.82,18.54,111.54,180.11,30.9
126.0,11.0,175.0,7.94,45.41,27.16,20.28,98.71,169.76,33.8
90.0,9.0,19.0,8.26,52.18,27.59,29.77,113.44,172.44,49.61
98.0,14.0,154.0,6.18,50.82,25.8,21.44,110.49,161.22,35.73
127.0,23.0,168.0,7.48,44.04,20.55,21.21,95.73,128.46,35.36
95.0,9.0,198.0,5.26,50.86,28.41,18.9,110.56,177.56,31.49
75.0,15.0,169.0,7.54,55.16,24.81,21.35,119.91,155.04,35.58
125.0,21.0,164.0,7.42,45.66,22.18,21.3,99.25,138.61,35.5
91.0,15.0,19.0,7.65,51.49,24.71,29.51,111.92,154.41,49.19
69.0,13.0,164.0,7.72,56.62,25.55,20.73,123.08,159.7,34.55
94.0,25.0,194.0,6.57,50.99,20.92,18.54,110.84,130.73,30.89
109.0,13.0,185.0,7.03,48.11,26.05,20.05,104.58,162.83,33.41
119.0,7.0,198.0,,46.86,28.99,18.94,101.88,181.19,31.57
55.0,13.0,58.0,8.14,57.41,25.89,26.33,124.79,161.84,43.89
95.0,13.0,114.0,7.46,49.96,26.21,23.89,108.61,163.8,39.82
121.0,35.0,110.0,7.58,44.61,15.75,23.95,96.99,98.43,39.92
115.0,21.0,199.0,7.29,45.13,23.64,19.85,98.12,147.74,33.08
111.0,23.0,166.0,6.95,47.26,20.46,20.19,102.73,127.87,33.65
54.0,8.0,154.0,8.37,59.8,28.91,21.04,130.0,180.67,35.07
124.0,28.0,165.0,6.77,44.97,19.97,21.65,97.77,124.82,36.09
108.0,23.0,170.0,6.65,48.56,20.89,21.48,105.56,130.55,35.8
54.0,7.0,166.0,7.35,60.07,29.94,20.67,130.59,187.11,34.45
85.0,10.0,130.0,5.53,54.06,27.85,22.88,117.53,174.05,38.14
85.0,21.0,139.0,7.54,52.94,22.88,22.97,115.1,143.02,38.28
84.0,9.0,169.0,5.4,54.28,27.72,19.7,118.01,173.23,32.83
54.0,9.0,115.0,8.35,59.27,27.57,23.17,128.86,172.31,38.62
98.0,18.0,171.0,7.18,49.73,23.52,20.6,108.11,147.03,34.33
95.0,7.0,194.0,1.55,50.52,28.83,20.13,109.84,180.21,33.56
94.0,9.0,122.0,7.66,50.02,28.54,23.46,108.73,178.38,39.1
103.0,21.0,103.0,7.82,48.69,22.41,24.87,105.85,140.05,41.45
121.0,25.0,120.0,7.5,45.51,19.95,24.37,98.94,124.71,40.61
74.0,11.0,195.0,7.86,55.84,27.29,20.35,121.4,170.59,33.92
51.0,10.0,199.0,7.83,61.18,27.8,18.77,132.99,173.77,31.29
65.0,10.0,165.0,8.12,55.89,27.64,21.09,121.51,172.77,35.15
99.0,10.0,126.0,7.9,50.51,27.7,24.35,109.81,173.11,40.59
79.0,11.0,144.0,7.49,53.37,26.64,21.6,116.02,166.48,36.0
127.0,23.0,168.0,7.48,44.98,20.84,21.43,97.78,130.27,35.72
71.0,14.0,103.0,6.18,55.7,24.93,24.31,121.08,155.81,40.52
113.0,25.0,194.0,7.14,45.94,19.52,19.41,99.86,121.99,32.35
76.0,13.0,174.0,7.75,55.54,26.04,20.44,120.74,162.76,34.06
68.0,8.0,102.0,8.17,55.92,28.1,24.4,121.56,175.62,40.67
113.0,21.0,155.0,7.01,46.97,22.04,21.21,102.11,137.73,35.35
75.0,13.0,191.0,7.61,54.14,24.13,19.68,117.7,150.79,32.8
107.0,15.0,74.0,7.72,48.08,24.25,27.06,104.51,151.57,45.1
97.0,21.0,127.0,7.37,50.94,22.97,23.32,110.74,143.58,38.86
115.0,18.0,103.0,6.95,46.85,23.25,24.86,101.84,145.32,41.43
95.0,21.0,117.0,7.5,51.26,22.52,24.27,111.44,140.73,40.44
111.0,21.0,121.0,7.98,48.09,21.47,23.25,104.54,134.16,38.76
111.0,14.0,65.0,6.66,48.86,26.31,27.47,106.21,164.46,45.78
99.0,25.0,184.0,6.63,49.93,20.41,20.37,108.53,127.58,33.95
98.0,7.0,179.0,5.73,49.22,28.77,21.56,107.0,179.84,35.94
84.0,9.0,169.0,5.4,54.05,29.1,20.67,117.51,181.85,34.45
76.0,13.0,174.0,7.75,54.53,26.81,20.33,118.55,167.56,33.88
59.0,8.0,160.0,8.21,59.09,27.97,21.78,128.46,174.79,36.31
107.0,13.0,128.0,7.66,48.91,25.54,23.73,106.32,159.65,39.55
113.0,16.0,114.0,7.03,47.3,24.35,23.89,102.82,152.22,39.82
69.0,13.0,18.0,7.68,56.48,26.21,29.72,122.78,163.79,49.53
121.0,35.0,194.0,7.58,47.36,15.94,19.63,102.96,99.61,32.72
99.0,25.0,184.0,6.63,51.86,20.26,19.55,112.74,126.64,32.58
66.0,9.0,19.0,8.15,56.86,28.58,29.65,123.6,178.63,49.42
69.0,17.0,194.0,7.95,56.33,24.03,19.4,122.45,150.2,32.34
64.0,8.0,180.0,6.06,58.06,29.53,20.7,126.22,184.56,34.5
77.0,11.0,166.0,8.13,53.92,26.85,20.74,117.22,167.84,34.56
65.0,9.0,119.0,4.72,57.27,28.77,22.94,124.49,179.82,38.23
69.0,19.0,154.0,5.06,56.18,23.41,20.8,122.13,146.34,34.67
75.0,25.0,198.0,7.03,55.25,21.08,18.49,120.11,131.74,30.82
103.0,17.0,191.0,7.36,48.73,23.67,18.88,105.94,147.91,31.47
76.0,10.0,171.0,7.67,53.53,26.74,20.66,116.37,167.11,34.44
55.0,8.0,198.0,7.75,57.34,28.43,18.53,124.66,177.66,30.88
84.0,9.0,125.0,5.89,52.31,28.29,23.15,113.71,176.83,38.58
74.0,10.0,179.0,8.14,54.83,27.27,19.87,119.2,170.46,33.12
107.0,13.0,173.0,7.74,48.37,25.13,20.4,105.14,157.05,34.0
118.0,23.0,159.0,7.5,47.95,20.58,22.12,104.24,128.65,36.87
125.0,21.0,164.0,7.42,45.88,21.44,21.49,99.75,134.02,35.82
101.0,36.0,165.0,7.5,49.03,15.0,21.11,106.59,93.75,35.18
69.0,10.0,110.0,7.85,56.48,27.32,24.17,122.78,170.72,40.28
115.0,17.0,104.0,6.88,46.67,24.78,24.54,101.47,154.84,40.91
94.0,9.0,198.0,7.76,50.97,27.69,19.28,110.81,173.07,32.14
59.0,17.0,160.0,7.73,58.35,22.74,21.69,126.84,142.15,36.15
99.0,12.0,175.0,7.46,50.7,26.24,20.05,110.21,163.97,33.41
76.0,10.0,103.0,7.96,54.53,27.15,24.84,118.54,169.7,41.4
119.0,7.0,117.0,5.78,47.05,29.86,22.96,102.28,186.61,38.27
98.0,7.0,144.0,5.3,49.49,27.73,22.47,107.58,173.29,37.44
79.0,14.0,144.0,7.7,54.21,25.22,22.74,117.84,157.6,37.9
75.0,7.0,103.0,6.78,57.08,29.62,24.68,124.08,185.15,41.13
117.0,10.0,171.0,6.49,46.78,27.52,21.65,101.69,172.0,36.08
59.0,9.0,18.0,7.39,59.35,28.04,29.48,129.01,175.24,49.13
113.0,10.0,166.0,6.35,47.47,27.32,21.15,103.2,170.74,35.25
79.0,11.0,144.0,7.49,54.66,27.0,22.34,118.84,168.74,37.24
99.0,17.0,19.0,7.78,50.15,24.57,29.81,109.03,153.54,49.68
74.0,9.0,18.0,8.01,55.06,27.21,29.86,119.7,170.09,49.77
104.0,25.0,169.0,6.92,48.58,21.03,20.91,105.6,131.42,34.86
51.0,10.0,199.0,7.83,60.14,26.43,19.48,130.75,165.16,32.47
88.0,11.0,318.0,7.72,51.72,27.0,15.0,112.43,168.73,25.0
61.0,11.0,198.0,7.86,58.33,26.91,19.12,126.81,168.17,31.86
125.0,24.0,199.0,7.23,45.87,20.58,19.47,99.71,128.63,32.45
74.0,9.0,149.0,8.13,55.49,27.69,21.71,120.64,173.04,36.18
54.0,7.0,159.0,8.62,58.97,28.23,21.84,128.2,176.42,36.4
68.0,8.0,102.0,8.17,56.76,27.51,24.5,123.4,171.92,40.83
59.0,8.0,125.0,7.76,57.95,27.94,24.05,125.98,174.61,40.08
103.0,22.0,164.0,7.8,50.15,21.19,22.27,109.02,132.42,37.11
113.0,17.0,175.0,6.72,45.93,24.29,20.44,99.86,151.84,34.06
55.0,8.0,125.0,8.19,58.73,27.46,22.4,127.68,171.62,37.34
69.0,17.0,194.0,7.95,54.61,24.53,19.09,118.71,153.29,31.81
107.0,19.0,194.0,7.44,47.4,22.49,19.98,103.05,140.57,33.29
105.0,13.0,109.0,7.14,50.09,25.56,24.74,108.89,159.75,41.23
53.0,13.0,95.0,7.97,60.12,25.53,25.42,130.69,159.53,42.37
84.0,10.0,195.0,7.77,52.62,28.05,19.8,114.4,175.28,33.01
85.0,7.0,144.0,8.24,51.8,28.8,22.6,112.6,179.99,37.67
85.0,15.0,110.0,7.41,50.63,24.87,25.01,110.06,155.46,41.68
96.0,11.0,118.0,7.41,50.37,27.1,24.38,109.49,169.37,40.63
96.0,15.0,179.0,7.77,52.74,23.74,21.02,114.64,148.35,35.03
104.0,23.0,106.0,6.98,49.55,21.37,24.82,107.71,133.59,41.37
111.0,13.0,175.0,7.63,47.35,27.1,20.95,102.94,169.37,34.92
79.0,7.0,194.0,5.18,54.57,28.68,19.21,118.63,179.25,32.01
95.0,7.0,194.0,1.55,49.75,28.64,19.06,108.15,179.0,31.77
71.0,10.0,117.0,7.67,55.56,27.58,24.83,120.79,172.37,41.39
71.0,63.0,165.0,7.66,55.88,15.0,21.21,121.48,93.75,35.35
59.0,8.0,110.0,4.68,58.13,26.95,24.8,126.37,168.45,41.34
103.0,21.0,103.0,7.82,50.03,21.29,24.88,108.77,133.07,41.47
95.0,8.0,154.0,7.3,51.28,28.28,21.47,111.47,176.73,35.78
100.0,15.0,166.0,7.42,50.53,24.57,21.05,109.86,153.57,35.08
125.0,19.0,138.0,7.09,44.45,23.99,23.44,96.63,149.92,39.06
85.0,7.0,144.0,8.24,53.72,28.41,22.64,116.78,177.57,37.73
90.0,9.0,19.0,8.26,53.3,26.54,29.0,115.88,165.87,48.34
53.0,13.0,95.0,7.97,58.62,25.14,25.19,127.44,157.12,41.99
74.0,17.0,194.0,7.66,54.49,22.45,20.25,118.46,140.31,33.75
107.0,13.0,163.0,7.64,49.67,25.76,21.11,107.98,161.0,35.19
98.0,17.0,160.0,7.51,50.25,23.99,20.5,109.23,149.92,34.17
76.0,11.0,113.0,7.72,55.92,26.55,25.17,121.57,165.91,41.94
124.0,8.0,143.0,5.61,44.85,28.8,22.76,97.49,179.98,37.94
75.0,9.0,185.0,7.99,56.16,28.42,19.86,122.1,177.62,33.11
105.0,17.0,110.0,6.75,49.11,24.0,24.21,106.75,149.99,40.36
125.0,59.0,49.0,6.78,45.21,15.0,28.6,98.28,93.75,47.67
103.0,24.0,139.0,7.38,50.65,21.32,22.39,110.11,133.25,37.32
54.0,17.0,162.0,7.84,58.91,24.43,21.85,128.07,152.71,36.42
113.0,21.0,155.0,7.01,46.65,22.49,21.97,101.41,140.54,36.62
113.0,15.0,176.0,7.04,47.04,25.59,20.56,102.26,159.93,34.27
79.0,6.0,18.0,5.7,54.56,28.35,29.99,118.61,177.19,49.99
119.0,17.0,184.0,6.72,44.95,25.31,19.87,97.71,158.16,33.12
54.0,7.0,159.0,8.62,59.71,28.02,21.98,129.8,175.15,36.64
109.0,17.0,19.0,7.61,47.77,24.55,29.43,103.85,153.43,49.05
99.0,17.0,185.0,7.39,51.12,23.09,19.09,111.13,144.3,31.82
109.0,6.0,113.0,5.67,46.28,28.49,24.53,100.62,178.07,40.88
103.0,20.0,153.0,6.93,48.77,23.66,22.14,106.02,147.87,36.89
108.0,20.0,111.0,7.13,47.05,22.59,24.58,102.28,141.21,40.97
95.0,9.0,198.0,5.26,50.34,28.2,19.32,109.43,176.27,32.21
109.0,11.0,164.0,6.9,48.4,26.94,21.0,105.21,168.39,35.0
103.0,13.0,125.0,7.62,49.26,25.84,23.89,107.08,161.48,39.82
74.0,9.0,110.0,8.4,55.0,28.52,24.38,119.56,178.24,40.63
99.0,17.0,185.0,7.39,50.07,23.96,19.66,108.85,149.74,32.76
103.0,17.0,166.0,7.26,49.56,23.03,20.88,107.75,143.95,34.81
103.0,21.0,197.0,6.72,48.59,21.82,20.19,105.64,136.36,33.65
79.0,7.0,194.0,5.18,54.77,28.93,18.49,119.06,180.82,30.82
94.0,25.0,194.0,6.57,51.73,20.74,19.61,112.46,129.61,32.68
86.0,10.0,140.0,5.61,53.11,26.31,21.76,115.45,164.44,36.27
113.0,17.0,198.0,7.57,47.85,23.67,19.07,104.01,147.91,31.78
103.0,20.0,17.0,7.27,49.64,22.4,29.76,107.91,140.01,49.61
98.0,23.0,160.0,7.75,52.03,21.18,20.36,113.1,132.38,33.93
59.0,10.0,113.0,8.02,58.13,26.42,24.41,126.37,165.15,40.69
68.0,17.0,103.0,7.68,56.15,23.72,24.63,122.07,148.27,41.05
129.0,23.0,200.0,7.36,43.6,20.96,17.95,94.78,131.02,29.92
79.0,15.0,117.0,7.89,53.37,25.46,24.4,116.03,159.14,40.67
114.0,21.0,113.0,7.23,46.2,22.79,24.94,100.44,142.41,41.56
104.0,25.0,133.0,7.32,48.49,20.41,23.77,105.41,127.58,39.61
125.0,21.0,164.0,7.42,44.94,22.06,21.34,97.7,137.9,35.57
54.0,9.0,184.0,8.27,59.47,27.78,19.98,129.28,173.65,33.31
95.0,9.0,194.0,5.51,51.04,27.21,20.02,110.96,170.06,33.37
93.0,14.0,62.0,7.35,50.79,24.76,28.12,110.41,154.76,46.87
85.0,21.0,184.0,7.27,53.72,21.74,20.53,116.78,135.85,34.21
69.0,8.0,193.0,5.4,56.79,27.77,18.95,123.46,173.56,31.58
103.0,21.0,118.0,7.35,49.27,21.6,24.02,107.11,135.01,40.03
54.0,10.0,159.0,8.16,58.68,27.35,21.68,127.56,170.92,36.13
113.0,17.0,108.0,6.68,47.84,24.54,23.62,104.0,153.36,39.36
94.0,9.0,180.0,6.46,51.35,26.75,20.43,111.63,167.17,34.06
108.0,7.0,195.0,5.65,47.24,28.62,20.44,102.7,178.84,34.06
113.0,9.0,146.0,5.98,47.35,27.57,22.56,102.93,172.3,37.6
109.0,16.0,185.0,7.27,48.41,24.75,20.64,105.24,154.72,34.39
115.0,14.0,186.0,7.32,46.28,25.44,19.93,100.61,159.01,33.22
113.0,25.0,194.0,7.14,47.55,19.63,19.32,103.37,122.67,32.21
69.0,9.0,161.0,8.12,55.04,26.94,21.53,119.64,168.39,35.88
99.0,10.0,136.0,5.82,51.27,27.27,22.43,111.45,170.42,37.39
51.0,10.0,199.0,7.83,60.8,27.87,18.58,132.17,174.17,30.96
79.0,15.0,117.0,7.89,54.0,23.67,24.61,117.39,147.95,41.02
98.0,21.0,177.0,7.38,50.69,22.51,21.07,110.2,140.67,35.11
84.0,9.0,169.0,5.4,51.27,28.41,20.36,111.46,177.59,33.94
74.0,9.0,18.0,8.01,54.27,27.61,30.4,117.99,172.55,50.67
63.0,10.0,180.0,8.07,57.16,27.58,20.16,124.27,172.38,33.59
74.0,40.0,169.0,7.47,54.34,15.0,21.03,118.14,93.75,35.05
95.0,6.0,19.0,4.78,51.57,28.98,30.09,112.11,181.11,50.15
85.0,15.0,110.0,7.41,54.6,24.03,24.9,118.69,150.17,41.5
62.0,9.0,75.0,7.96,56.66,26.29,26.54,123.17,164.33,44.24
69.0,12.0,125.0,7.46,55.53,26.92,24.21,120.72,168.22,40.34
69.0,13.0,18.0,7.68,56.39,25.31,30.07,122.58,158.18,50.12
86.0,8.0,131.0,5.92,54.09,27.88,23.45,117.58,174.23,39.09
113.0,18.0,198.0,6.26,46.42,22.82,18.7,100.92,142.61,31.17
68.0,17.0,103.0,7.68,56.6,23.25,25.9,123.04,145.34,43.17
94.0,7.0,169.0,7.87,52.66,28.5,21.09,114.47,178.1,35.16
66.0,18.0,130.0,7.95,55.48,23.21,23.56,120.61,145.08,39.26
85.0,10.0,130.0,5.53,51.98,27.48,22.4,112.99,171.73,37.33
104.0,23.0,106.0,6.98,48.86,21.67,24.23,106.22,135.45,40.38
103.0,11.0,150.0,6.85,48.98,26.99,22.62,106.49,168.7,37.7
102.0,10.0,60.0,7.69,50.25,27.39,27.54,109.24,171.21,45.91
97.0,9.0,50.0,8.1,50.79,28.65,27.04,110.42,179.04,45.07
84.0,7.0,19.0,5.25,51.78,27.96,30.38,112.57,174.75,50.63
115.0,23.0,150.0,7.01,47.41,21.37,21.73,103.07,133.54,36.21
79.0,7.0,194.0,5.18,53.74,29.28,20.07,116.82,183.0,33.44
74.0,10.0,180.0,7.8,56.22,28.01,20.16,122.22,175.05,33.59
92.0,7.0,110.0,8.04,51.1,27.75,24.5,111.08,173.42,40.84
125.0,9.0,117.0,6.08,44.49,27.51,24.57,96.72,171.95,40.95
80.0,9.0,39.0,7.36,54.43,28.51,28.21,118.33,178.22,47.02
61.0,8.0,133.0,8.14,58.41,28.45,22.52,126.98,177.84,37.54
98.0,10.0,68.0,7.01,50.76,27.37,26.82,110.34,171.04,44.7
71.0,9.0,146.0,8.12,54.45,27.57,22.65,118.37,172.31,37.76
120.0,21.0,179.0,6.51,46.43,22.07,19.59,100.94,137.94,32.66
69.0,12.0,162.0,7.59,55.37,26.52,20.45,120.38,165.77,34.08
103.0,21.0,198.0,7.03,49.59,22.15,19.53,107.8,138.43,32.55
70.0,10.0,190.0,7.32,54.86,27.22,19.3,119.26,170.15,32.16
121.0,18.0,176.0,7.36,46.16,23.7,20.24,100.34,148.11,33.74
69.0,9.0,103.0,5.76,55.55,27.29,23.89,120.77,170.58,39.82
98.0,10.0,181.0,7.64,49.37,27.57,19.8,107.33,172.31,33.0
95.0,15.0,191.0,7.44,51.57,26.75,19.54,112.11,167.18,32.56
124.0,8.0,143.0,5.61,45.39,27.08,22.89,98.68,169.27,38.14
115.0,21.0,199.0,7.29,46.51,22.49,18.67,101.11,140.59,31.12
63.0,9.0,211.0,7.85,58.56,27.24,19.17,127.31,170.27,31.95
95.0,7.0,103.0,8.02,50.65,28.95,24.48,110.1,180.92,40.8
75.0,7.0,103.0,6.78,55.03,28.63,24.48,119.62,178.92,40.8
120.0,21.0,179.0,6.51,46.22,22.76,21.03,100.47,142.23,35.05
84.0,9.0,154.0,5.4,52.7,28.41,21.87,114.57,177.53,36.44
93.0,17.0,149.0,7.94,51.78,24.22,21.78,112.56,151.35,36.31
63.0,9.0,211.0,7.85,56.97,28.38,18.26,123.85,177.37,30.44
94.0,8.0,60.0,7.7,50.87,26.74,28.08,110.59,167.15,46.79
73.0,17.0,169.0,7.32,56.49,25.05,21.59,122.8,156.59,35.99
84.0,23.0,106.0,6.99,52.37,21.63,24.23,113.84,135.16,40.39
91.0,16.0,195.0,7.65,49.87,25.2,19.28,108.41,157.48,32.13
103.0,20.0,110.0,6.0,50.69,22.02,24.45,110.19,137.61,40.74
93.0,17.0,149.0,7.94,53.44,23.6,21.57,116.17,147.51,35.94
65.0,13.0,19.0,7.64,56.68,25.99,29.83,123.21,162.42,49.72
84.0,17.0,135.0,6.72,51.65,24.09,22.9,112.28,150.56,38.17
79.0,15.0,121.0,7.69,53.95,25.17,24.31,117.29,157.31,40.52
121.0,23.0,199.0,7.3,45.57,22.05,19.66,99.07,137.82,32.77
103.0,17.0,191.0,7.36,49.25,23.04,19.38,107.06,144.01,32.29
63.0,16.0,165.0,7.81,56.51,25.13,20.99,122.85,157.09,34.99
113.0,19.0,118.0,7.49,47.86,23.2,24.25,104.05,145.03,40.42
69.0,9.0,103.0,5.76,56.62,27.58,24.53,123.09,172.36,40.88
109.0,11.0,164.0,6.9,47.0,25.92,21.45,102.18,161.98,35.76
59.0,8.0,110.0,4.68,58.76,28.45,24.36,127.74,177.82,40.59
98.0,7.0,179.0,5.73,52.04,27.15,19.78,113.14,169.7,32.96
61.0,9.0,135.0,7.5,57.94,28.09,22.42,125.95,175.56,37.37
85.0,10.0,171.0,5.14,52.73,26.35,21.46,114.63,164.72,35.77
93.0,14.0,62.0,7.35,51.29,25.48,27.2,111.49,159.26,45.34
66.0,9.0,176.0,8.2,57.29,27.63,21.26,124.55,172.68,35.43
107.0,19.0,194.0,7.44,47.22,23.9,19.1,102.64,149.39,31.84
126.0,11.0,175.0,7.94,44.93,26.69,20.65,97.68,166.83,34.41
96.0,16.0,103.0,,50.49,24.13,26.02,109.76,150.83,43.36
59.0,10.0,171.0,8.1,59.68,26.95,20.21,129.74,168.41,33.69
74.0,10.0,180.0,7.8,55.06,28.01,19.25,119.7,175.09,32.09
94.0,9.0,180.0,6.46,52.53,28.02,20.84,114.21,175.14,34.74
76.0,12.0,117.0,7.56,53.92,26.12,23.57,117.21,163.24,39.28
95.0,19.0,131.0,7.47,51.47,23.06,23.13,111.89,144.11,38.55
69.0,9.0,199.0,8.12,56.46,26.76,18.77,122.73,167.25,31.28
60.0,10.0,154.0,8.05,57.3,27.48,21.89,124.58,171.77,36.49
60.0,10.0,154.0,8.05,58.14,26.19,21.28,126.4,163.71,35.47
64.0,16.0,124.0,7.63,58.17,25.0,23.47,126.46,156.26,39.12
79.0,13.0,195.0,7.33,53.94,25.98,19.52,117.26,162.36,32.54
103.0,11.0,150.0,6.85,48.05,28.23,21.5,104.45,176.45,35.83
98.0,64.0,178.0,6.63,50.39,15.0,19.97,109.53,93.75,33.28
54.0,10.0,159.0,8.16,58.48,27.19,21.29,127.13,169.93,35.48
68.0,9.0,129.0,7.85,56.13,28.78,22.55,122.01,179.87,37.58
66.0,9.0,19.0,8.09,56.73,28.41,29.65,123.34,177.59,49.41
74.0,40.0,169.0,7.47,53.84,15.0,20.92,117.03,93.75,34.87
109.0,17.0,19.0,7.61,46.91,24.23,29.66,101.97,151.46,49.43
113.0,21.0,155.0,7.01,47.79,22.3,21.56,103.88,139.38,35.94
56.0,7.0,124.0,4.8,58.38,28.77,23.55,126.92,179.81,39.25
98.0,15.0,195.0,7.69,48.35,24.58,18.97,105.1,153.63,31.62
69.0,14.0,154.0,7.84,56.83,25.4,22.11,123.54,158.73,36.84
61.0,9.0,135.0,7.5,58.02,26.74,23.62,126.13,167.13,39.36
66.0,18.0,130.0,7.95,56.23,23.73,22.97,122.24,148.32,38.28
99.0,14.0,162.0,7.6,49.15,25.72,21.52,106.84,160.75,35.87
84.0,23.0,106.0,6.99,53.87,21.26,24.52,117.11,132.9,40.87
54.0,17.0,162.0,7.84,59.48,23.13,21.46,129.3,144.57,35.77
64.0,13.0,104.0,7.74,59.11,26.49,25.54,128.49,165.58,42.57
103.0,13.0,194.0,7.55,49.74,26.12,19.61,108.12,163.24,32.69
115.0,14.0,186.0,7.32,47.31,25.01,18.95,102.85,156.34,31.59
111.0,17.0,165.0,7.27,47.67,23.93,21.33,103.62,149.57,35.54
69.0,7.0,189.0,7.71,56.85,27.7,20.28,123.59,173.12,33.79
98.0,10.0,138.0,6.45,50.9,26.63,22.61,110.65,166.47,37.68
104.0,23.0,176.0,7.07,50.2,21.08,20.94,109.13,131.73,34.9
64.0,9.0,117.0,8.04,56.78,28.44,23.63,123.44,177.73,39.39
75.0,9.0,180.0,7.86,54.65,27.32,19.46,118.81,170.73,32.43
110.0,10.0,155.0,7.96,47.62,27.63,21.77,103.51,172.71,36.28
73.0,7.0,160.0,4.93,56.03,28.28,20.52,121.81,176.73,34.2
103.0,17.0,166.0,7.26,50.6,24.25,20.92,110.0,151.55,34.87
125.0,21.0,164.0,7.42,44.63,22.22,21.8,97.03,138.84,36.34
98.0,10.0,181.0,7.64,50.06,27.77,19.19,108.83,173.59,31.98
111.0,17.0,165.0,7.27,48.05,23.78,20.46,104.46,148.62,34.1
79.0,6.0,18.0,5.7,54.0,28.11,29.4,117.4,175.67,49.01
80.0,8.0,19.0,5.37,54.76,27.32,29.83,119.05,170.76,49.71
113.0,13.0,193.0,7.01,45.6,25.58,19.24,99.13,159.88,32.06
66.0,18.0,130.0,7.95,56.14,22.9,23.9,122.04,143.13,39.83
113.0,17.0,149.0,7.32,46.77,24.35,22.54,101.68,152.16,37.56
113.0,17.0,174.0,7.04,45.54,23.82,20.81,99.01,148.88,34.68
113.0,10.0,166.0,6.35,46.63,28.67,21.11,101.37,179.22,35.19
79.0,6.0,18.0,5.7,53.47,28.01,30.12,116.23,175.05,50.19
103.0,15.0,196.0,7.26,49.24,25.12,18.81,107.04,157.01,31.35
103.0,15.0,169.0,6.43,50.29,24.32,21.29,109.33,152.02,35.48
103.0,13.0,159.0,5.98,49.2,25.6,20.9,106.97,160.02,34.84
69.0,8.0,199.0,8.08,55.38,28.23,19.48,120.38,176.47,32.46
59.0,8.0,110.0,4.68,58.15,26.75,24.99,126.42,167.22,41.66
65.0,7.0,175.0,7.85,57.84,28.74,20.61,125.74,179.64,34.34
111.0,21.0,121.0,7.98,47.02,23.44,23.65,102.22,146.51,39.42
51.0,9.0,169.0,8.3,59.07,27.43,21.06,128.42,171.42,35.1
85.0,21.0,139.0,7.54,53.45,22.46,21.23,116.19,140.35,35.38
94.0,10.0,19.0,7.83,51.02,27.86,30.01,110.92,174.16,50.02
113.0,13.0,193.0,7.01,47.92,25.8,19.36,104.17,161.26,32.27
69.0,17.0,194.0,7.95,56.19,23.75,19.33,122.15,148.45,32.22
65.0,10.0,165.0,8.12,57.56,25.88,21.45,125.13,161.78,35.76
73.0,11.0,154.0,7.96,54.57,27.18,21.72,118.63,169.9,36.2
69.0,10.0,164.0,7.88,56.19,27.18,20.59,122.15,169.89,34.32
80.0,8.0,19.0,5.37,53.83,27.54,29.79,117.02,172.14,49.65
107.0,19.0,194.0,7.44,47.63,23.28,19.39,103.54,145.47,32.32
87.0,14.0,110.0,7.74,51.35,25.1,24.46,111.63,156.87,40.76
68.0,17.0,103.0,7.68,56.95,23.78,24.9,123.8,148.64,41.5
121.0,25.0,120.0,7.5,45.52,20.86,24.32,98.95,130.4,40.53
51.0,9.0,194.0,8.12,58.98,26.9,18.82,128.22,168.11,31.36
59.0,8.0,160.0,8.21,58.12,28.78,21.49,126.35,179.86,35.81
54.0,7.0,166.0,7.35,60.1,27.76,21.68,130.66,173.51,36.14
74.0,9.0,198.0,7.66,53.38,27.3,18.25,116.03,170.64,30.42
113.0,21.0,155.0,7.01,46.2,23.45,21.79,100.44,146.59,36.32
64.0,8.0,180.0,6.06,56.46,28.83,19.91,122.74,180.17,33.18
113.0,9.0,146.0,5.98,48.57,27.76,22.05,105.58,173.49,36.76
96.0,16.0,103.0,,51.03,23.99,24.37,110.93,149.91,40.61
75.0,13.0,194.0,7.7,55.61,25.58,19.28,120.9,159.89,32.13
96.0,16.0,103.0,,49.89,24.59,25.74,108.45,153.71,42.9
54.0,7.0,125.0,8.02,58.3,28.62,22.87,126.75,178.89,38.11
115.0,23.0,150.0,7.01,47.36,21.35,21.42,102.95,133.41,35.69
103.0,21.0,103.0,7.82,49.45,22.28,24.17,107.49,139.26,40.28
66.0,10.0,127.0,7.87,57.24,27.12,24.24,124.43,169.51,40.41
102.0,13.0,166.0,6.8,49.45,25.03,20.81,107.5,156.47,34.68
95.0,6.0,19.0,4.78,51.22,28.74,29.85,111.35,179.63,49.75
69.0,9.0,161.0,8.12,56.33,28.25,21.14,122.45,176.55,35.23
104.0,21.0,175.0,6.92,49.82,21.48,20.03,108.31,134.24,33.38
97.0,9.0,49.0,6.17,51.25,27.59,27.94,111.4,172.41,46.57
99.0,8.0,166.0,5.92,48.9,27.66,22.27,106.31,172.86,37.12
105.0,17.0,188.0,7.77,47.2,24.17,20.42,102.61,151.04,34.03
85.0,13.0,149.0,6.7,53.8,25.67,21.63,116.96,160.42,36.06
62.0,9.0,75.0,7.96,58.55,28.59,26.82,127.28,178.67,44.71
108.0,23.0,170.0,6.65,47.58,21.7,20.38,103.44,135.65,33.97
90.0,27.0,110.0,6.36,50.51,18.81,23.51,109.81,117.58,39.19
103.0,5.0,19.0,5.62,49.48,29.9,30.37,107.56,186.89,50.62
69.0,7.0,189.0,7.71,56.94,28.14,20.24,123.79,175.85,33.73
102.0,10.0,60.0,7.69,51.04,26.9,27.92,110.95,168.15,46.54
69.0,7.0,189.0,7.71,56.61,28.79,19.43,123.07,179.93,32.38
74.0,7.0,184.0,,54.9,28.3,19.88,119.35,176.91,33.13
99.0,9.0,157.0,5.93,49.49,28.24,21.95,107.58,176.47,36.59
60.0,14.0,19.0,7.65,58.01,24.99,30.06,126.11,156.16,50.09
103.0,15.0,144.0,7.74,49.16,24.63,22.16,106.87,153.93,36.94
124.0,8.0,143.0,5.61,44.39,27.76,21.61,96.5,173.48,36.02
54.0,9.0,115.0,8.35,60.84,27.36,24.16,132.26,171.0,40.26
75.0,25.0,198.0,7.03,56.43,21.16,19.66,122.67,132.25,32.77
103.0,20.0,170.0,7.54,50.31,23.13,20.2,109.37,144.55,33.67
55.0,11.0,169.0,6.99,58.26,27.83,21.18,126.66,173.91,35.3
126.0,17.0,111.0,6.48,45.48,25.46,24.51,98.88,159.13,40.84
115.0,21.0,199.0,7.29,47.51,21.68,19.44,103.29,135.51,32.39
63.0,9.0,159.0,8.14,57.75,27.74,21.9,125.55,173.39,36.49
71.0,9.0,146.0,8.12,56.8,26.99,21.89,123.48,168.71,36.49
71.0,14.0,19.0,7.52,56.31,24.98,29.05,122.41,156.15,48.42
82.0,24.0,116.0,7.39,54.19,20.57,23.77,117.81,128.57,39.62
125.0,59.0,49.0,6.78,45.51,15.0,28.5,98.93,93.75,47.51
76.0,10.0,103.0,7.96,55.07,26.62,24.55,119.72,166.37,40.91
99.0,15.0,190.0,7.38,48.77,24.91,19.25,106.03,155.71,32.09
110.0,10.0,155.0,7.96,48.07,26.52,20.79,104.49,165.75,34.65
63.0,9.0,211.0,7.85,56.96,28.21,19.22,123.82,176.28,32.03
53.0,13.0,95.0,7.97,58.38,25.35,25.71,126.9,158.43,42.85
95.0,23.0,110.0,7.41,52.35,23.09,24.78,113.79,144.29,41.31
110.0,17.0,103.0,6.91,49.38,23.83,25.3,107.35,148.93,42.17
84.0,9.0,185.0,7.34,54.29,27.74,20.19,118.02,173.4,33.65
71.0,9.0,146.0,8.12,56.0,26.92,22.12,121.75,168.27,36.86
113.0,13.0,169.0,6.44,48.48,26.92,20.78,105.39,168.27,34.63
105.0,17.0,110.0,6.75,49.01,24.77,24.19,106.54,154.82,40.31
99.0,15.0,125.0,7.34,50.36,25.18,24.82,109.48,157.36,41.36
106.0,21.0,179.0,6.93,47.93,21.49,20.54,104.19,134.32,34.23
64.0,15.0,110.0,7.83,57.52,25.13,24.17,125.04,157.04,40.28
104.0,23.0,106.0,6.98,49.25,20.73,24.87,107.06,129.54,41.45
94.0,25.0,194.0,6.57,50.16,21.38,18.85,109.04,133.61,31.42
104.0,21.0,175.0,6.92,49.16,22.79,21.25,106.87,142.41,35.42
89.0,14.0,19.0,7.45,52.14,25.51,29.53,113.34,159.42,49.22
109.0,18.0,103.0,7.63,49.64,22.19,25.07,107.91,138.68,41.78
74.0,9.0,18.0,8.01,55.92,27.11,30.45,121.56,169.44,50.75
103.0,20.0,153.0,6.93,49.41,23.16,22.01,107.41,144.77,36.69
85.0,21.0,184.0,7.27,53.2,23.03,20.01,115.65,143.92,33.35
54.0,8.0,154.0,8.03,59.24,28.82,21.77,128.77,180.1,36.28
95.0,17.0,181.0,7.54,50.84,23.14,20.11,110.52,144.65,33.52
113.0,14.0,190.0,6.29,46.53,25.63,19.31,101.16,160.19,32.19
94.0,9.0,198.0,7.76,51.08,28.31,18.9,111.04,176.93,31.49
118.0,22.0,181.0,7.48,45.8,20.85,20.88,99.57,130.34,34.8
91.0,12.0,154.0,7.7,50.8,26.35,21.71,110.43,164.66,36.18
55.0,10.0,155.0,8.04,59.41,27.41,21.31,129.15,171.34,35.51
89.0,14.0,19.0,7.45,52.51,25.27,29.6,114.16,157.93,49.34
110.0,11.0,102.0,6.63,46.57,25.69,25.43,101.24,160.55,42.38
74.0,10.0,180.0,7.8,55.1,27.05,20.54,119.79,169.09,34.23
115.0,20.0,113.0,7.29,47.8,22.55,24.5,103.91,140.96,40.83
70.0,10.0,190.0,7.32,56.85,27.16,19.47,123.58,169.76,32.45
99.0,12.0,149.0,8.12,51.02,26.01,22.35,110.91,162.57,37.24
54.0,8.0,154.0,8.37,59.23,27.88,21.44,128.76,174.28,35.73
87.0,17.0,136.0,6.28,51.92,24.08,22.71,112.88,150.48,37.85
74.0,7.0,184.0,,54.33,28.87,20.44,118.12,180.41,34.07
104.0,25.0,133.0,7.32,49.48,20.32,23.46,107.56,126.98,39.1
109.0,17.0,19.0,7.61,48.5,23.85,29.37,105.44,149.09,48.95
69.0,10.0,194.0,7.66,57.23,27.31,18.93,124.41,170.66,31.55
104.0,21.0,175.0,6.92,50.08,21.15,20.55,108.87,132.17,34.26
115.0,9.0,143.0,6.38,46.89,27.99,23.28,101.94,174.91,38.81
74.0,10.0,180.0,7.29,54.2,27.25,19.24,117.84,170.31,32.07
124.0,8.0,143.0,5.61,44.94,28.17,22.56,97.71,176.09,37.6
64.0,9.0,139.0,8.04,57.37,28.28,21.97,124.73,176.73,36.62
73.0,12.0,160.0,7.85,55.24,25.18,21.08,120.08,157.36,35.14
79.0,14.0,144.0,7.7,53.74,24.27,22.18,116.82,151.66,36.96
54.0,10.0,159.0,8.16,59.4,27.41,21.25,129.14,171.34,35.42
110.0,64.0,198.0,47.49,47.6,15.0,18.85,103.47,93.75,31.42
66.0,18.0,130.0,7.95,56.3,23.75,23.2,122.39,148.45,38.67
84.0,9.0,185.0,7.34,53.45,27.42,19.63,116.19,171.39,32.72
82.0,24.0,116.0,7.39,53.28,21.35,23.31,115.82,133.43,38.85
61.0,11.0,198.0,7.86,58.0,27.36,19.51,126.08,171.0,32.52
77.0,11.0,166.0,8.13,54.82,27.09,21.42,119.17,169.31,35.69
66.0,9.0,168.0,7.91,55.89,27.54,21.34,121.5,172.15,35.57
103.0,24.0,139.0,7.38,49.02,19.69,21.89,106.55,123.03,36.48
69.0,10.0,194.0,7.66,57.35,27.71,19.51,124.67,173.2,32.52
74.0,10.0,114.0,7.67,54.27,27.98,24.5,117.98,174.89,40.83
79.0,6.0,18.0,5.7,52.51,29.44,29.4,114.14,183.98,49.01
75.0,7.0,103.0,6.78,53.51,28.07,24.82,116.33,175.45,41.37
69.0,12.0,125.0,7.46,56.22,26.75,23.44,122.22,167.21,39.07
97.0,15.0,113.0,7.72,50.62,25.52,25.14,110.05,159.48,41.9
119.0,17.0,184.0,6.72,46.11,25.04,20.92,100.23,156.47,34.87
68.0,17.0,103.0,7.68,57.37,23.57,23.99,124.72,147.34,39.98
113.0,13.0,169.0,6.44,45.26,25.76,22.11,98.4,161.03,36.84
90.0,27.0,110.0,6.36,52.32,20.05,23.94,113.73,125.3,39.9
95.0,10.0,190.0,6.34,52.25,27.28,20.09,113.59,170.53,33.48
69.0,17.0,194.0,7.95,55.3,23.43,19.85,120.21,146.44,33.08
100.0,18.0,198.0,6.27,49.7,23.9,18.62,108.04,149.37,31.04
54.0,7.0,179.0,4.95,58.6,28.95,20.51,127.39,180.92,34.18
124.0,23.0,184.0,7.33,44.48,21.45,19.91,96.71,134.08,33.18
66.0,10.0,127.0,7.87,56.54,27.38,23.66,122.91,171.14,39.43
125.0,9.0,65.0,5.63,46.14,27.54,27.22,100.31,172.15,45.36
99.0,17.0,19.0,7.78,51.67,24.99,30.46,112.33,156.17,50.76
51.0,9.0,169.0,8.3,59.53,27.16,20.9,129.42,169.75,34.83
85.0,13.0,149.0,6.7,54.52,25.55,21.98,118.53,159.67,36.63
121.0,10.0,124.0,7.36,45.83,27.26,24.11,99.63,170.35,40.18
73.0,11.0,154.0,7.96,56.8,27.33,22.05,123.48,170.8,36.75
124.0,28.0,165.0,6.77,45.13,18.25,21.47,98.1,114.07,35.78
110.0,9.0,118.0,8.3,48.1,26.91,23.59,104.58,168.21,39.31
89.0,14.0,19.0,7.45,52.49,24.23,29.34,114.11,151.42,48.9
125.0,59.0,49.0,6.78,47.54,15.0,27.78,103.35,93.75,46.29
69.0,9.0,180.0,7.71,56.88,27.03,19.89,123.65,168.93,33.15
85.0,9.0,194.0,7.51,52.43,27.47,19.75,113.99,171.68,32.92
85.0,13.0,149.0,6.7,53.78,26.3,22.55,116.9,164.36,37.58
121.0,19.0,169.0,7.42,45.51,22.82,20.78,98.94,142.59,34.64
55.0,13.0,58.0,8.14,58.61,26.04,28.24,127.41,162.74,47.06
95.0,7.0,17.0,5.69,51.73,28.42,30.66,112.45,177.63,51.11
119.0,7.0,117.0,5.78,46.22,29.0,24.1,100.49,181.27,40.17
71.0,9.0,146.0,8.12,56.02,27.99,21.83,121.79,174.91,36.38
103.0,13.0,194.0,7.79,49.41,25.48,20.15,107.42,159.28,33.58
75.0,13.0,194.0,7.7,55.27,25.8,19.33,120.15,161.24,32.22
113.0,17.0,149.0,7.32,47.74,24.73,22.12,103.78,154.54,36.87
51.0,9.0,169.0,8.3,58.25,27.94,20.69,126.63,174.6,34.48
110.0,9.0,118.0,8.3,48.53,26.86,23.48,105.51,167.89,39.13
54.0,8.0,154.0,8.03,58.41,28.54,21.03,126.99,178.4,35.04
110.0,9.0,118.0,8.3,46.85,27.05,24.24,101.84,169.06,40.39
54.0,17.0,162.0,7.84,59.15,24.95,20.89,128.59,155.92,34.81
91.0,9.0,175.0,5.25,51.87,28.31,22.03,112.75,176.97,36.72
99.0,17.0,179.0,6.88,49.65,24.27,19.72,107.92,151.71,32.86
85.0,9.0,194.0,7.51,53.66,27.79,18.73,116.66,173.71,31.22
74.0,10.0,180.0,7.8,54.13,27.12,20.46,117.67,169.53,34.09
74.0,10.0,165.0,8.07,54.87,27.66,21.86,119.29,172.86,36.44
60.0,14.0,155.0,7.65,57.53,25.23,21.73,125.07,157.67,36.22
98.0,7.0,179.0,5.73,50.36,28.74,20.55,109.48,179.63,34.24
79.0,10.0,154.0,7.62,54.42,27.77,20.84,118.31,173.58,34.73
121.0,19.0,169.0,7.42,44.99,22.86,20.52,97.81,142.89,34.2
89.0,14.0,19.0,7.45,52.78,25.08,29.32,114.74,156.75,48.87
125.0,19.0,138.0,7.09,45.05,22.48,21.77,97.94,140.52,36.29
69.0,12.0,125.0,7.46,54.69,25.71,23.56,118.88,160.7,39.26
98.0,15.0,195.0,7.69,48.83,23.9,18.18,106.16,149.39,30.3
75.0,15.0,169.0,7.54,54.99,25.44,20.2,119.54,158.99,33.66
69.0,8.0,199.0,8.08,56.02,29.24,18.79,121.79,182.72,31.32
76.0,13.0,174.0,7.75,54.72,26.76,20.14,118.95,167.22,33.57
64.0,13.0,171.0,7.66,57.18,24.92,20.94,124.3,155.78,34.9
99.0,19.0,195.0,7.24,50.38,23.63,19.45,109.52,147.72,32.42
84.0,10.0,198.0,7.99,53.96,28.1,19.57,117.3,175.65,32.61
68.0,8.0,119.0,5.57,55.51,27.88,24.24,120.68,174.22,40.39
59.0,10.0,166.0,7.78,57.26,27.31,21.61,124.48,170.69,36.02
91.0,9.0,175.0,5.25,50.93,26.5,20.5,110.71,165.6,34.17
103.0,17.0,191.0,7.36,49.63,24.26,19.69,107.89,151.63,32.82
103.0,41.0,194.0,6.49,50.4,15.0,19.62,109.56,93.75,32.69
84.0,17.0,135.0,6.72,52.85,24.22,22.97,114.9,151.37,38.28
79.0,15.0,154.0,7.68,52.2,24.06,21.56,113.48,150.4,35.94
103.0,11.0,150.0,6.85,48.04,27.13,21.83,104.43,169.54,36.39
98.0,7.0,144.0,5.3,49.73,29.21,21.95,108.12,182.59,36.59
53.0,9.0,118.0,8.09,58.95,27.23,24.13,128.16,170.19,40.22
69.0,10.0,194.0,7.66,55.87,26.57,19.31,121.46,166.05,32.19
103.0,15.0,113.0,7.39,49.43,23.71,23.89,107.46,148.16,39.81
54.0,13.0,141.0,7.62,58.95,25.74,22.21,128.15,160.88,37.01
74.0,40.0,169.0,7.47,56.04,15.0,20.25,121.82,93.75,33.76
98.0,15.0,195.0,7.69,49.86,24.07,19.79,108.39,150.43,32.98
124.0,28.0,165.0,6.77,44.51,19.42,21.14,96.76,121.39,35.23
59.0,8.0,125.0,7.76,58.58,27.88,23.07,127.35,174.25,38.45
104.0,23.0,106.0,6.98,47.97,20.75,25.04,104.29,129.72,41.74
96.0,25.0,113.0,7.17,51.11,20.17,23.94,111.11,126.05,39.9
83.0,13.0,157.0,7.93,53.48,26.54,20.88,116.27,165.89,34.79
75.0,10.0,194.0,8.23,54.88,27.61,19.87,119.31,172.57,33.12
113.0,27.0,169.0,6.71,48.67,19.52,20.59,105.81,122.01,34.32
74.0,7.0,184.0,,54.7,28.97,19.76,118.92,181.07,32.93
113.0,22.0,200.0,6.61,49.05,21.15,19.02,106.63,132.21,31.7
58.0,5.0,320.0,8.15,58.22,29.52,15.0,126.56,184.5,25.0
59.0,9.0,194.0,8.62,57.18,27.79,19.37,124.3,173.68,32.28
100.0,15.0,166.0,7.42,50.06,24.72,20.44,108.82,154.49,34.07
97.0,15.0,113.0,7.72,49.74,25.26,24.49,108.13,157.88,40.82
85.0,8.0,175.0,4.77,52.4,27.68,20.26,113.91,173.01,33.76
87.0,14.0,110.0,7.74,52.92,25.76,25.34,115.04,160.97,42.24
115.0,21.0,199.0,7.29,47.44,22.63,19.06,103.14,141.44,31.77
113.0,17.0,174.0,7.04,46.9,22.35,19.44,101.96,139.69,32.4
84.0,10.0,198.0,7.99,53.99,27.96,19.3,117.37,174.78,32.16
83.0,14.0,113.0,7.4,54.33,23.62,25.19,118.1,147.63,41.99
109.0,13.0,185.0,7.03,49.35,25.53,20.69,107.28,159.56,34.48
59.0,9.0,188.0,8.49,58.62,28.32,20.64,127.44,176.97,34.39
104.0,23.0,114.0,7.42,50.29,21.21,23.65,109.33,132.56,39.42
124.0,23.0,184.0,7.33,43.7,20.52,20.42,94.99,128.25,34.03
59.0,8.0,125.0,7.76,57.95,27.49,23.14,125.97,171.84,38.57
59.0,8.0,160.0,8.21,57.51,28.77,21.51,125.01,179.79,35.85
69.0,11.0,174.0,7.98,56.3,25.65,19.92,122.38,160.29,33.21
95.0,13.0,114.0,7.46,50.54,26.58,23.84,109.88,166.11,39.73
71.0,13.0,155.0,7.95,55.67,25.87,21.36,121.02,161.67,35.6
113.0,25.0,194.0,7.14,48.91,19.78,19.81,106.32,123.65,33.02
98.0,14.0,154.0,6.18,50.26,25.1,22.16,109.27,156.88,36.93
99.0,10.0,136.0,5.82,50.53,26.64,22.98,109.85,166.5,38.3
54.0,10.0,149.0,8.0,59.01,27.77,21.38,128.29,173.56,35.64
107.0,13.0,128.0,7.66,48.66,26.34,23.16,105.78,164.62,38.61
54.0,13.0,124.0,7.8,59.2,24.87,23.19,128.71,155.43,38.64
115.0,33.0,103.0,7.46,47.36,16.66,25.25,102.95,104.11,42.09
96.0,15.0,179.0,7.77,51.73,24.48,20.85,112.46,153.01,34.75
65.0,10.0,175.0,5.89,58.32,28.03,21.03,126.78,175.16,35.05
79.0,11.0,144.0,7.49,54.45,25.99,21.98,118.36,162.44,36.64
85.0,15.0,110.0,7.41,53.47,25.96,23.03,116.24,162.27,38.38
99.0,10.0,136.0,5.82,49.28,27.23,21.96,107.13,170.19,36.59
95.0,19.0,131.0,7.47,50.93,22.5,23.85,110.72,140.64,39.75
104.0,21.0,114.0,7.55,49.95,21.89,23.96,108.59,136.84,39.93
104.0,25.0,169.0,6.92,49.89,20.02,20.48,108.46,125.12,34.14
99.0,19.0,195.0,7.24,50.37,22.44,20.12,109.5,140.22,33.54
55.0,8.0,198.0,7.75,59.71,28.21,19.75,129.8,176.29,32.92
63.0,9.0,211.0,7.85,57.79,26.96,18.35,125.64,168.52,30.59
115.0,20.0,113.0,7.29,47.96,21.44,24.07,104.26,134.01,40.12
99.0,21.0,110.0,7.45,50.43,22.07,24.33,109.63,137.95,40.56
98.0,14.0,154.0,6.18,50.12,24.37,21.87,108.95,152.3,36.46
113.0,15.0,176.0,7.04,47.67,24.55,21.24,103.63,153.43,35.4
69.0,8.0,104.0,7.74,53.86,27.6,24.97,117.08,172.53,41.62
103.0,14.0,114.0,7.39,49.71,24.93,24.52,108.06,155.8,40.87
51.0,17.0,163.0,7.17,56.88,25.3,21.8,123.65,158.13,36.34
99.0,25.0,184.0,6.63,48.82,20.53,19.38,106.13,128.34,32.29
63.0,9.0,149.0,8.04,57.76,27.85,22.44,125.57,174.05,37.4
71.0,14.0,103.0,6.18,56.18,24.38,24.67,122.13,152.4,41.12
110.0,12.0,183.0,7.55,47.07,25.96,18.76,102.33,162.24,31.27
83.0,13.0,157.0,7.93,52.83,26.03,20.52,114.85,162.68,34.19
126.0,79.0,160.0,7.31,45.9,15.0,20.89,99.77,93.75,34.82
76.0,10.0,103.0,7.96,54.41,27.79,25.09,118.29,173.72,41.81
59.0,10.0,113.0,8.02,59.99,26.53,24.28,130.42,165.8,40.46
99.0,15.0,125.0,7.34,50.2,24.83,23.59,109.13,155.18,39.32
85.0,14.0,103.0,7.82,53.33,25.1,25.8,115.93,156.86,42.99
108.0,23.0,185.0,7.44,49.69,21.5,19.27,108.03,134.37,32.11
74.0,9.0,48.0,8.12,55.3,27.32,28.11,120.23,170.72,46.84
103.0,17.0,165.0,7.52,48.6,23.94,21.25,105.65,149.61,35.42
86.0,8.0,131.0,5.92,52.71,28.01,22.77,114.59,175.05,37.95
56.0,10.0,169.0,7.81,58.77,26.81,20.87,127.76,167.56,34.79
69.0,8.0,191.0,5.12,55.11,28.44,18.74,119.8,177.76,31.23
87.0,21.0,176.0,6.95,52.4,22.44,21.14,113.9,140.27,35.24
103.0,17.0,165.0,7.52,48.81,24.05,20.76,106.1,150.29,34.6
85.0,15.0,110.0,7.41,53.74,24.74,25.42,116.82,154.64,42.36
113.0,17.0,198.0,7.57,47.43,24.58,19.1,103.1,153.61,31.84
54.0,7.0,179.0,4.95,58.97,28.46,20.77,128.2,177.87,34.62
74.0,10.0,180.0,7.29,55.12,27.07,20.17,119.82,169.16,33.62
103.0,17.0,166.0,7.26,49.58,24.16,21.02,107.78,151.02,35.04
59.0,9.0,194.0,8.62,58.69,28.72,19.07,127.59,179.49,31.78
97.0,9.0,49.0,6.17,49.8,26.9,28.12,108.26,168.1,46.87
60.0,9.0,103.0,8.31,57.17,28.16,24.98,124.28,176.01,41.63
103.0,21.0,198.0,7.03,50.28,21.16,18.73,109.31,132.28,31.21
115.0,14.0,186.0,7.32,46.67,25.58,19.78,101.46,159.88,32.96
124.0,8.0,143.0,5.61,44.07,29.1,22.11,95.8,181.84,36.86
103.0,11.0,150.0,6.85,49.76,27.09,23.15,108.16,169.33,38.58
74.0,9.0,48.0,8.12,55.57,27.8,28.08,120.81,173.76,46.79
109.0,13.0,185.0,7.03,46.98,25.56,20.67,102.12,159.77,34.45
98.0,18.0,171.0,7.18,50.58,23.67,20.64,109.96,147.93,34.4
103.0,25.0,194.0,7.32,49.99,20.35,19.49,108.67,127.18,32.48
66.0,18.0,130.0,7.95,57.1,23.18,22.54,124.13,144.87,37.57
66.0,74.0,138.0,7.62,57.31,15.0,22.5,124.58,93.75,37.49
64.0,15.0,179.0,7.86,56.08,25.12,20.37,121.91,156.99,33.94
81.0,9.0,19.0,5.87,54.06,27.24,30.65,117.53,170.25,51.09
94.0,10.0,125.0,7.13,50.96,26.77,23.61,110.78,167.29,39.35
99.0,17.0,19.0,7.78,49.81,23.28,30.55,108.29,145.52,50.92
79.0,14.0,144.0,7.7,54.9,25.68,22.68,119.34,160.53,37.8
59.0,8.0,125.0,7.76,59.38,28.48,24.31,129.09,177.98,40.52
107.0,13.0,128.0,7.66,50.04,26.04,23.29,108.77,162.74,38.82
103.0,15.0,169.0,6.43,50.45,25.58,22.06,109.68,159.87,36.76
109.0,11.0,164.0,6.9,48.11,26.85,20.92,104.59,167.83,34.86
121.0,35.0,194.0,7.58,46.08,16.24,18.98,100.18,101.47,31.63
94.0,7.0,169.0,7.87,51.81,28.78,20.25,112.64,179.89,33.76
69.0,15.0,160.0,7.73,56.3,24.95,22.57,122.38,155.91,37.61
69.0,10.0,108.0,7.79,56.3,26.93,24.93,122.4,168.32,41.55
54.0,9.0,115.0,8.35,59.86,29.03,23.93,130.13,181.43,39.89
